project,system_id,model,reasoning,outcome,contrast,n_families,mean_contrast,median_contrast,bootstrap_ci_low_95,bootstrap_ci_high_95,exact_signflip_p,bh_fdr_p,reject_bh_0_05,bootstrap_resamples,bootstrap_seed
IWA,gemini_web_ui,3.6 Flash,web_ui_selected_model,professionalism,directness,10,-0.5166666666666666,-0.5,-0.7666666666666666,-0.25,0.015625,0.0703125,False,10000,2026092803
IWA,gemini_web_ui,3.6 Flash,web_ui_selected_model,professionalism,register,10,0.11666666666666696,0.0,1.7763568394002506e-16,0.25000000000000033,0.25,0.32142857142857145,False,10000,2026092803
IWA,gemini_web_ui,3.6 Flash,web_ui_selected_model,professionalism,interaction,10,0.23333333333333348,0.0,8.881784197001253e-17,0.5000000000000002,0.25,0.32142857142857145,False,10000,2026092803
IWA,gemini_web_ui,3.6 Flash,web_ui_selected_model,cooperativeness,directness,10,-0.28333333333333294,-0.3333333333333335,-0.46666666666666623,-0.09999999999999946,0.03515625,0.10546875,False,10000,2026092803
IWA,gemini_web_ui,3.6 Flash,web_ui_selected_model,cooperativeness,register,10,-0.050000000000000176,-4.440892098500626e-16,-0.16666666666666696,0.06666666666666651,0.59375,0.66796875,False,10000,2026092803
IWA,gemini_web_ui,3.6 Flash,web_ui_selected_model,cooperativeness,interaction,10,0.033333333333333395,-0.16666666666666652,-0.2666666666666668,0.3666666666666668,1.0,1.0,False,10000,2026092803
IWA,gemini_web_ui,3.6 Flash,web_ui_selected_model,communicative_appropriateness,directness,10,-0.5166666666666666,-0.5,-0.7833333333333332,-0.2666666666666666,0.015625,0.0703125,False,10000,2026092803
IWA,gemini_web_ui,3.6 Flash,web_ui_selected_model,communicative_appropriateness,register,10,0.11666666666666696,0.0,1.7763568394002506e-16,0.25000000000000033,0.25,0.32142857142857145,False,10000,2026092803
IWA,gemini_web_ui,3.6 Flash,web_ui_selected_model,communicative_appropriateness,interaction,10,0.23333333333333348,0.0,8.881784197001253e-17,0.5333333333333334,0.25,0.32142857142857145,False,10000,2026092803
