project,family_id,condition,category,count,proportion
IWA,IWA_001,DC,acknowledge,3,1.0
IWA,IWA_001,DC,clarify,0,0.0
IWA,IWA_001,DC,none,0,0.0
IWA,IWA_001,DI,acknowledge,3,1.0
IWA,IWA_001,DI,clarify,0,0.0
IWA,IWA_001,DI,none,0,0.0
IWA,IWA_001,MC,acknowledge,3,1.0
IWA,IWA_001,MC,clarify,0,0.0
IWA,IWA_001,MC,none,0,0.0
IWA,IWA_001,MI,acknowledge,3,1.0
IWA,IWA_001,MI,clarify,0,0.0
IWA,IWA_001,MI,none,0,0.0
IWA,IWA_002,DC,acknowledge,3,1.0
IWA,IWA_002,DC,clarify,0,0.0
IWA,IWA_002,DC,none,0,0.0
IWA,IWA_002,DI,acknowledge,3,1.0
IWA,IWA_002,DI,clarify,0,0.0
IWA,IWA_002,DI,none,0,0.0
IWA,IWA_002,MC,acknowledge,2,0.6666666666666666
IWA,IWA_002,MC,clarify,1,0.3333333333333333
IWA,IWA_002,MC,none,0,0.0
IWA,IWA_002,MI,acknowledge,3,1.0
IWA,IWA_002,MI,clarify,0,0.0
IWA,IWA_002,MI,none,0,0.0
IWA,IWA_003,DC,acknowledge,0,0.0
IWA,IWA_003,DC,clarify,3,1.0
IWA,IWA_003,DC,none,0,0.0
IWA,IWA_003,DI,acknowledge,0,0.0
IWA,IWA_003,DI,clarify,3,1.0
IWA,IWA_003,DI,none,0,0.0
IWA,IWA_003,MC,acknowledge,0,0.0
IWA,IWA_003,MC,clarify,3,1.0
IWA,IWA_003,MC,none,0,0.0
IWA,IWA_003,MI,acknowledge,0,0.0
IWA,IWA_003,MI,clarify,3,1.0
IWA,IWA_003,MI,none,0,0.0
IWA,IWA_004,DC,acknowledge,0,0.0
IWA,IWA_004,DC,clarify,3,1.0
IWA,IWA_004,DC,none,0,0.0
IWA,IWA_004,DI,acknowledge,0,0.0
IWA,IWA_004,DI,clarify,3,1.0
IWA,IWA_004,DI,none,0,0.0
IWA,IWA_004,MC,acknowledge,0,0.0
IWA,IWA_004,MC,clarify,3,1.0
IWA,IWA_004,MC,none,0,0.0
IWA,IWA_004,MI,acknowledge,0,0.0
IWA,IWA_004,MI,clarify,3,1.0
IWA,IWA_004,MI,none,0,0.0
IWA,IWA_005,DC,acknowledge,0,0.0
IWA,IWA_005,DC,clarify,0,0.0
IWA,IWA_005,DC,none,3,1.0
IWA,IWA_005,DI,acknowledge,0,0.0
IWA,IWA_005,DI,clarify,0,0.0
IWA,IWA_005,DI,none,3,1.0
IWA,IWA_005,MC,acknowledge,0,0.0
IWA,IWA_005,MC,clarify,0,0.0
IWA,IWA_005,MC,none,3,1.0
IWA,IWA_005,MI,acknowledge,0,0.0
IWA,IWA_005,MI,clarify,0,0.0
IWA,IWA_005,MI,none,3,1.0
IWA,IWA_006,DC,acknowledge,0,0.0
IWA,IWA_006,DC,clarify,0,0.0
IWA,IWA_006,DC,none,3,1.0
IWA,IWA_006,DI,acknowledge,0,0.0
IWA,IWA_006,DI,clarify,0,0.0
IWA,IWA_006,DI,none,3,1.0
IWA,IWA_006,MC,acknowledge,0,0.0
IWA,IWA_006,MC,clarify,0,0.0
IWA,IWA_006,MC,none,3,1.0
IWA,IWA_006,MI,acknowledge,0,0.0
IWA,IWA_006,MI,clarify,0,0.0
IWA,IWA_006,MI,none,3,1.0
IWA,IWA_007,DC,acknowledge,0,0.0
IWA,IWA_007,DC,clarify,0,0.0
IWA,IWA_007,DC,none,3,1.0
IWA,IWA_007,DI,acknowledge,0,0.0
IWA,IWA_007,DI,clarify,0,0.0
IWA,IWA_007,DI,none,3,1.0
IWA,IWA_007,MC,acknowledge,0,0.0
IWA,IWA_007,MC,clarify,0,0.0
IWA,IWA_007,MC,none,3,1.0
IWA,IWA_007,MI,acknowledge,0,0.0
IWA,IWA_007,MI,clarify,0,0.0
IWA,IWA_007,MI,none,3,1.0
IWA,IWA_008,DC,acknowledge,0,0.0
IWA,IWA_008,DC,clarify,0,0.0
IWA,IWA_008,DC,none,3,1.0
IWA,IWA_008,DI,acknowledge,0,0.0
IWA,IWA_008,DI,clarify,0,0.0
IWA,IWA_008,DI,none,3,1.0
IWA,IWA_008,MC,acknowledge,0,0.0
IWA,IWA_008,MC,clarify,0,0.0
IWA,IWA_008,MC,none,3,1.0
IWA,IWA_008,MI,acknowledge,0,0.0
IWA,IWA_008,MI,clarify,0,0.0
IWA,IWA_008,MI,none,3,1.0
IWA,IWA_009,DC,acknowledge,0,0.0
IWA,IWA_009,DC,clarify,0,0.0
IWA,IWA_009,DC,none,3,1.0
IWA,IWA_009,DI,acknowledge,0,0.0
IWA,IWA_009,DI,clarify,0,0.0
IWA,IWA_009,DI,none,3,1.0
IWA,IWA_009,MC,acknowledge,0,0.0
IWA,IWA_009,MC,clarify,0,0.0
IWA,IWA_009,MC,none,3,1.0
IWA,IWA_009,MI,acknowledge,0,0.0
IWA,IWA_009,MI,clarify,0,0.0
IWA,IWA_009,MI,none,3,1.0
IWA,IWA_010,DC,acknowledge,0,0.0
IWA,IWA_010,DC,clarify,0,0.0
IWA,IWA_010,DC,none,3,1.0
IWA,IWA_010,DI,acknowledge,0,0.0
IWA,IWA_010,DI,clarify,0,0.0
IWA,IWA_010,DI,none,3,1.0
IWA,IWA_010,MC,acknowledge,0,0.0
IWA,IWA_010,MC,clarify,0,0.0
IWA,IWA_010,MC,none,3,1.0
IWA,IWA_010,MI,acknowledge,0,0.0
IWA,IWA_010,MI,clarify,0,0.0
IWA,IWA_010,MI,none,3,1.0
