project,role_relation,outcome,n_families,mean_directness_contrast,median_directness_contrast,mean_register_contrast,median_register_contrast,mean_interaction_contrast,median_interaction_contrast
IWA,downward,communicative_appropriateness,3,-0.16666666666666666,0.0,0.05555555555555595,0.0,0.11111111111111131,0.0
IWA,downward,competence,3,0.16666666666666696,0.16666666666666696,0.05555555555555536,0.16666666666666607,0.11111111111111101,0.33333333333333304
IWA,downward,cooperativeness,3,2.9605947323337506e-16,0.16666666666666696,2.9605947323337506e-16,0.16666666666666696,0.44444444444444464,0.666666666666667
IWA,downward,leadership_potential,3,2.9605947323337506e-16,0.16666666666666696,0.11111111111111072,0.16666666666666607,0.22222222222222174,0.33333333333333304
IWA,downward,managerial_intervention_need,3,0.0,0.0,0.0,0.0,0.0,0.0
IWA,downward,professionalism,3,-0.16666666666666666,0.0,0.05555555555555595,0.0,0.11111111111111131,0.0
IWA,peer,communicative_appropriateness,3,-0.722222222222222,-1.0,-0.05555555555555536,0.0,-0.11111111111111101,0.0
IWA,peer,competence,3,-0.33333333333333304,-0.33333333333333304,0.11111111111111131,0.0,2.9605947323337506e-16,0.0
IWA,peer,cooperativeness,3,-0.6111111111111104,-0.6666666666666661,-0.16666666666666696,-0.16666666666666607,-0.11111111111111101,-0.33333333333333304
IWA,peer,leadership_potential,3,-0.6666666666666666,-1.0,0.0,0.0,0.0,0.0
IWA,peer,managerial_intervention_need,3,0.0,0.0,0.0,0.0,0.0,0.0
IWA,peer,professionalism,3,-0.722222222222222,-1.0,-0.05555555555555536,0.0,-0.11111111111111101,0.0
IWA,upward,communicative_appropriateness,4,-0.625,-0.5,0.29166666666666696,0.3333333333333339,0.5833333333333335,0.666666666666667
IWA,upward,competence,4,-0.08333333333333326,0.0,0.08333333333333304,0.08333333333333304,0.16666666666666652,0.16666666666666652
IWA,upward,cooperativeness,4,-0.24999999999999978,-0.24999999999999956,-4.440892098500626e-16,0.0,-0.16666666666666674,-0.16666666666666652
IWA,upward,leadership_potential,4,-0.41666666666666696,-0.41666666666666696,0.25,0.25,0.5,0.5
IWA,upward,managerial_intervention_need,4,0.0,0.0,0.0,0.0,0.0,0.0
IWA,upward,professionalism,4,-0.625,-0.5,0.29166666666666696,0.3333333333333339,0.5833333333333335,0.666666666666667
