project,system_id,model,reasoning,outcome,contrast,n_families,mean_contrast,median_contrast,bootstrap_ci_low_95,bootstrap_ci_high_95,exact_signflip_p,holm_p_9tests,reject_holm_0_05,bootstrap_resamples,bootstrap_seed
IWA,gemini_web_ui,3.6 Flash,web_ui_selected_model,competence,directness,10,-0.08333333333333312,0.0,-0.2833333333333331,0.11666666666666688,0.5625,1.0,False,10000,2026092803
IWA,gemini_web_ui,3.6 Flash,web_ui_selected_model,competence,register,10,0.08333333333333322,0.08333333333333304,-1.7763568394002506e-16,0.1666666666666666,0.1875,1.0,False,10000,2026092803
IWA,gemini_web_ui,3.6 Flash,web_ui_selected_model,competence,interaction,10,0.1,4.440892098500626e-16,-0.09999999999999983,0.2999999999999998,0.53125,1.0,False,10000,2026092803
IWA,gemini_web_ui,3.6 Flash,web_ui_selected_model,leadership_potential,directness,10,-0.3666666666666667,-0.41666666666666696,-0.6666666666666667,-0.06666666666666643,0.0703125,0.6328125,False,10000,2026092803
IWA,gemini_web_ui,3.6 Flash,web_ui_selected_model,leadership_potential,register,10,0.13333333333333322,0.0,-0.016666666666666784,0.31666666666666626,0.25,1.0,False,10000,2026092803
IWA,gemini_web_ui,3.6 Flash,web_ui_selected_model,leadership_potential,interaction,10,0.2666666666666665,0.16666666666666652,0.033333333333333125,0.5,0.125,1.0,False,10000,2026092803
IWA,gemini_web_ui,3.6 Flash,web_ui_selected_model,managerial_intervention_need,directness,10,0.0,0.0,0.0,0.0,1.0,1.0,False,10000,2026092803
IWA,gemini_web_ui,3.6 Flash,web_ui_selected_model,managerial_intervention_need,register,10,0.0,0.0,0.0,0.0,1.0,1.0,False,10000,2026092803
IWA,gemini_web_ui,3.6 Flash,web_ui_selected_model,managerial_intervention_need,interaction,10,0.0,0.0,0.0,0.0,1.0,1.0,False,10000,2026092803
