execution_id,system_id,model,reasoning,family_id,condition,directness,register,replicate,communicative_appropriateness,competence,cooperativeness,leadership_potential,managerial_intervention_need,professionalism,recommended_managerial_response
gemini_web_ui__IWAZC_0001,gemini_web_ui,3.6 Flash,web_ui_selected_model,IWA_004,DI,direct,institutional,3,7,6,6,6,1,7,clarify
gemini_web_ui__IWAZC_0002,gemini_web_ui,3.6 Flash,web_ui_selected_model,IWA_002,MC,mitigated,conversational,2,7,6,6,6,1,7,clarify
gemini_web_ui__IWAZC_0003,gemini_web_ui,3.6 Flash,web_ui_selected_model,IWA_008,MI,mitigated,institutional,3,7,6,6,6,1,7,none
gemini_web_ui__IWAZC_0004,gemini_web_ui,3.6 Flash,web_ui_selected_model,IWA_006,MC,mitigated,conversational,3,7,6,6,6,1,7,none
gemini_web_ui__IWAZC_0005,gemini_web_ui,3.6 Flash,web_ui_selected_model,IWA_008,MC,mitigated,conversational,2,7,6,6,6,1,7,none
gemini_web_ui__IWAZC_0006,gemini_web_ui,3.6 Flash,web_ui_selected_model,IWA_009,DI,direct,institutional,1,7,6,6,6,1,7,none
gemini_web_ui__IWAZC_0007,gemini_web_ui,3.6 Flash,web_ui_selected_model,IWA_007,MC,mitigated,conversational,1,7,6,7,6,1,7,none
gemini_web_ui__IWAZC_0008,gemini_web_ui,3.6 Flash,web_ui_selected_model,IWA_001,MI,mitigated,institutional,3,7,6,6,6,1,7,acknowledge
gemini_web_ui__IWAZC_0009,gemini_web_ui,3.6 Flash,web_ui_selected_model,IWA_005,MI,mitigated,institutional,2,7,6,6,6,1,7,none
gemini_web_ui__IWAZC_0010,gemini_web_ui,3.6 Flash,web_ui_selected_model,IWA_001,MI,mitigated,institutional,1,7,5,6,5,1,7,acknowledge
gemini_web_ui__IWAZC_0011,gemini_web_ui,3.6 Flash,web_ui_selected_model,IWA_003,MC,mitigated,conversational,2,7,5,6,5,1,7,clarify
gemini_web_ui__IWAZC_0012,gemini_web_ui,3.6 Flash,web_ui_selected_model,IWA_001,DC,direct,conversational,3,6,5,6,5,1,6,acknowledge
gemini_web_ui__IWAZC_0013,gemini_web_ui,3.6 Flash,web_ui_selected_model,IWA_008,MC,mitigated,conversational,3,7,6,6,6,1,7,none
gemini_web_ui__IWAZC_0014,gemini_web_ui,3.6 Flash,web_ui_selected_model,IWA_006,MI,mitigated,institutional,3,7,6,6,6,1,7,none
gemini_web_ui__IWAZC_0015,gemini_web_ui,3.6 Flash,web_ui_selected_model,IWA_002,DC,direct,conversational,2,7,6,5,6,1,7,acknowledge
gemini_web_ui__IWAZC_0016,gemini_web_ui,3.6 Flash,web_ui_selected_model,IWA_004,MI,mitigated,institutional,3,7,6,6,6,1,7,clarify
gemini_web_ui__IWAZC_0017,gemini_web_ui,3.6 Flash,web_ui_selected_model,IWA_006,DC,direct,conversational,3,6,5,6,5,1,6,none
gemini_web_ui__IWAZC_0018,gemini_web_ui,3.6 Flash,web_ui_selected_model,IWA_009,DC,direct,conversational,2,7,6,6,6,1,7,none
gemini_web_ui__IWAZC_0019,gemini_web_ui,3.6 Flash,web_ui_selected_model,IWA_002,MC,mitigated,conversational,1,7,6,6,6,1,7,acknowledge
gemini_web_ui__IWAZC_0020,gemini_web_ui,3.6 Flash,web_ui_selected_model,IWA_008,DC,direct,conversational,1,7,6,6,6,1,7,none
gemini_web_ui__IWAZC_0021,gemini_web_ui,3.6 Flash,web_ui_selected_model,IWA_004,DC,direct,conversational,2,6,5,6,5,1,6,clarify
gemini_web_ui__IWAZC_0022,gemini_web_ui,3.6 Flash,web_ui_selected_model,IWA_005,DI,direct,institutional,2,6,6,6,5,1,6,none
gemini_web_ui__IWAZC_0023,gemini_web_ui,3.6 Flash,web_ui_selected_model,IWA_005,MI,mitigated,institutional,1,7,6,6,6,1,7,none
gemini_web_ui__IWAZC_0024,gemini_web_ui,3.6 Flash,web_ui_selected_model,IWA_007,DC,direct,conversational,3,7,6,6,6,1,7,none
gemini_web_ui__IWAZC_0025,gemini_web_ui,3.6 Flash,web_ui_selected_model,IWA_009,MC,mitigated,conversational,3,7,6,6,6,1,7,none
gemini_web_ui__IWAZC_0026,gemini_web_ui,3.6 Flash,web_ui_selected_model,IWA_010,MI,mitigated,institutional,3,7,6,6,6,1,7,none
gemini_web_ui__IWAZC_0027,gemini_web_ui,3.6 Flash,web_ui_selected_model,IWA_007,DI,direct,institutional,2,7,6,6,6,1,7,none
gemini_web_ui__IWAZC_0028,gemini_web_ui,3.6 Flash,web_ui_selected_model,IWA_006,DC,direct,conversational,1,6,5,6,5,1,6,none
gemini_web_ui__IWAZC_0029,gemini_web_ui,3.6 Flash,web_ui_selected_model,IWA_002,DI,direct,institutional,3,7,6,5,6,1,7,acknowledge
gemini_web_ui__IWAZC_0030,gemini_web_ui,3.6 Flash,web_ui_selected_model,IWA_003,DI,direct,institutional,3,7,6,6,6,1,7,clarify
gemini_web_ui__IWAZC_0031,gemini_web_ui,3.6 Flash,web_ui_selected_model,IWA_002,DI,direct,institutional,2,7,6,5,6,1,7,acknowledge
gemini_web_ui__IWAZC_0032,gemini_web_ui,3.6 Flash,web_ui_selected_model,IWA_005,MC,mitigated,conversational,2,7,6,6,6,1,7,none
gemini_web_ui__IWAZC_0033,gemini_web_ui,3.6 Flash,web_ui_selected_model,IWA_006,DI,direct,institutional,1,6,5,6,5,1,6,none
gemini_web_ui__IWAZC_0034,gemini_web_ui,3.6 Flash,web_ui_selected_model,IWA_004,MC,mitigated,conversational,2,7,6,6,6,1,7,clarify
gemini_web_ui__IWAZC_0035,gemini_web_ui,3.6 Flash,web_ui_selected_model,IWA_007,MI,mitigated,institutional,1,7,6,6,6,1,7,none
gemini_web_ui__IWAZC_0036,gemini_web_ui,3.6 Flash,web_ui_selected_model,IWA_010,MC,mitigated,conversational,3,7,6,6,6,1,7,none
gemini_web_ui__IWAZC_0037,gemini_web_ui,3.6 Flash,web_ui_selected_model,IWA_006,MI,mitigated,institutional,1,7,6,6,6,1,7,none
gemini_web_ui__IWAZC_0038,gemini_web_ui,3.6 Flash,web_ui_selected_model,IWA_010,DC,direct,conversational,1,6,6,6,5,1,6,none
gemini_web_ui__IWAZC_0039,gemini_web_ui,3.6 Flash,web_ui_selected_model,IWA_009,DI,direct,institutional,3,7,6,6,6,1,7,none
gemini_web_ui__IWAZC_0040,gemini_web_ui,3.6 Flash,web_ui_selected_model,IWA_001,MC,mitigated,conversational,3,7,6,6,6,1,7,acknowledge
gemini_web_ui__IWAZC_0041,gemini_web_ui,3.6 Flash,web_ui_selected_model,IWA_004,DI,direct,institutional,1,7,6,6,6,1,7,clarify
gemini_web_ui__IWAZC_0042,gemini_web_ui,3.6 Flash,web_ui_selected_model,IWA_001,MI,mitigated,institutional,2,7,6,6,6,1,7,acknowledge
gemini_web_ui__IWAZC_0043,gemini_web_ui,3.6 Flash,web_ui_selected_model,IWA_002,MC,mitigated,conversational,3,7,6,6,6,1,7,acknowledge
gemini_web_ui__IWAZC_0044,gemini_web_ui,3.6 Flash,web_ui_selected_model,IWA_002,MI,mitigated,institutional,3,7,6,6,6,1,7,acknowledge
gemini_web_ui__IWAZC_0045,gemini_web_ui,3.6 Flash,web_ui_selected_model,IWA_001,DI,direct,institutional,3,6,6,6,5,1,6,acknowledge
gemini_web_ui__IWAZC_0046,gemini_web_ui,3.6 Flash,web_ui_selected_model,IWA_004,DI,direct,institutional,2,7,6,6,6,1,7,clarify
gemini_web_ui__IWAZC_0047,gemini_web_ui,3.6 Flash,web_ui_selected_model,IWA_008,MI,mitigated,institutional,2,7,6,6,6,1,7,none
gemini_web_ui__IWAZC_0048,gemini_web_ui,3.6 Flash,web_ui_selected_model,IWA_006,MC,mitigated,conversational,1,7,6,6,6,1,7,none
gemini_web_ui__IWAZC_0049,gemini_web_ui,3.6 Flash,web_ui_selected_model,IWA_005,DC,direct,conversational,2,6,6,6,5,1,6,none
gemini_web_ui__IWAZC_0050,gemini_web_ui,3.6 Flash,web_ui_selected_model,IWA_010,DC,direct,conversational,3,6,6,6,5,1,6,none
gemini_web_ui__IWAZC_0051,gemini_web_ui,3.6 Flash,web_ui_selected_model,IWA_007,MI,mitigated,institutional,2,7,6,6,6,1,7,none
gemini_web_ui__IWAZC_0052,gemini_web_ui,3.6 Flash,web_ui_selected_model,IWA_005,DI,direct,institutional,3,6,6,6,5,1,6,none
gemini_web_ui__IWAZC_0053,gemini_web_ui,3.6 Flash,web_ui_selected_model,IWA_010,DI,direct,institutional,3,6,6,6,5,1,6,none
gemini_web_ui__IWAZC_0054,gemini_web_ui,3.6 Flash,web_ui_selected_model,IWA_004,MI,mitigated,institutional,2,7,6,6,6,1,7,clarify
gemini_web_ui__IWAZC_0055,gemini_web_ui,3.6 Flash,web_ui_selected_model,IWA_007,DC,direct,conversational,1,7,6,6,6,1,7,none
gemini_web_ui__IWAZC_0056,gemini_web_ui,3.6 Flash,web_ui_selected_model,IWA_004,DC,direct,conversational,3,6,6,6,5,1,6,clarify
gemini_web_ui__IWAZC_0057,gemini_web_ui,3.6 Flash,web_ui_selected_model,IWA_009,MC,mitigated,conversational,2,7,6,6,6,1,7,none
gemini_web_ui__IWAZC_0058,gemini_web_ui,3.6 Flash,web_ui_selected_model,IWA_009,MI,mitigated,institutional,3,7,6,6,6,1,7,none
gemini_web_ui__IWAZC_0059,gemini_web_ui,3.6 Flash,web_ui_selected_model,IWA_002,DI,direct,institutional,1,6,6,6,6,1,6,acknowledge
gemini_web_ui__IWAZC_0060,gemini_web_ui,3.6 Flash,web_ui_selected_model,IWA_005,DC,direct,conversational,1,6,6,6,5,1,6,none
gemini_web_ui__IWAZC_0061,gemini_web_ui,3.6 Flash,web_ui_selected_model,IWA_005,DC,direct,conversational,3,6,6,6,5,1,6,none
gemini_web_ui__IWAZC_0062,gemini_web_ui,3.6 Flash,web_ui_selected_model,IWA_009,MI,mitigated,institutional,1,7,6,6,6,1,7,none
gemini_web_ui__IWAZC_0063,gemini_web_ui,3.6 Flash,web_ui_selected_model,IWA_002,DC,direct,conversational,3,6,6,6,6,1,6,acknowledge
gemini_web_ui__IWAZC_0064,gemini_web_ui,3.6 Flash,web_ui_selected_model,IWA_001,MC,mitigated,conversational,1,7,6,6,6,1,7,acknowledge
gemini_web_ui__IWAZC_0065,gemini_web_ui,3.6 Flash,web_ui_selected_model,IWA_006,DI,direct,institutional,2,5,6,5,5,1,5,none
gemini_web_ui__IWAZC_0066,gemini_web_ui,3.6 Flash,web_ui_selected_model,IWA_004,MC,mitigated,conversational,3,7,6,6,6,1,7,clarify
gemini_web_ui__IWAZC_0067,gemini_web_ui,3.6 Flash,web_ui_selected_model,IWA_001,DC,direct,conversational,2,6,6,6,5,1,6,acknowledge
gemini_web_ui__IWAZC_0068,gemini_web_ui,3.6 Flash,web_ui_selected_model,IWA_001,DC,direct,conversational,1,6,6,6,5,1,6,acknowledge
gemini_web_ui__IWAZC_0069,gemini_web_ui,3.6 Flash,web_ui_selected_model,IWA_005,MC,mitigated,conversational,1,7,6,6,6,1,7,none
gemini_web_ui__IWAZC_0070,gemini_web_ui,3.6 Flash,web_ui_selected_model,IWA_003,MC,mitigated,conversational,3,7,6,6,6,1,7,clarify
gemini_web_ui__IWAZC_0071,gemini_web_ui,3.6 Flash,web_ui_selected_model,IWA_010,DI,direct,institutional,2,7,7,6,7,1,7,none
gemini_web_ui__IWAZC_0072,gemini_web_ui,3.6 Flash,web_ui_selected_model,IWA_002,MI,mitigated,institutional,1,7,6,6,6,1,7,acknowledge
gemini_web_ui__IWAZC_0073,gemini_web_ui,3.6 Flash,web_ui_selected_model,IWA_008,MI,mitigated,institutional,1,7,7,6,7,1,7,none
gemini_web_ui__IWAZC_0074,gemini_web_ui,3.6 Flash,web_ui_selected_model,IWA_008,DI,direct,institutional,3,7,7,6,7,1,7,none
gemini_web_ui__IWAZC_0075,gemini_web_ui,3.6 Flash,web_ui_selected_model,IWA_003,DI,direct,institutional,2,7,6,6,6,1,7,clarify
gemini_web_ui__IWAZC_0076,gemini_web_ui,3.6 Flash,web_ui_selected_model,IWA_007,DI,direct,institutional,3,7,6,6,6,1,7,none
gemini_web_ui__IWAZC_0077,gemini_web_ui,3.6 Flash,web_ui_selected_model,IWA_003,DC,direct,conversational,3,6,6,6,5,1,6,clarify
gemini_web_ui__IWAZC_0078,gemini_web_ui,3.6 Flash,web_ui_selected_model,IWA_002,MI,mitigated,institutional,2,7,6,6,6,1,7,acknowledge
gemini_web_ui__IWAZC_0079,gemini_web_ui,3.6 Flash,web_ui_selected_model,IWA_009,MC,mitigated,conversational,1,7,7,6,7,1,7,none
gemini_web_ui__IWAZC_0080,gemini_web_ui,3.6 Flash,web_ui_selected_model,IWA_004,DC,direct,conversational,1,6,6,6,5,1,6,clarify
gemini_web_ui__IWAZC_0081,gemini_web_ui,3.6 Flash,web_ui_selected_model,IWA_007,DI,direct,institutional,1,7,6,6,6,1,7,none
gemini_web_ui__IWAZC_0082,gemini_web_ui,3.6 Flash,web_ui_selected_model,IWA_007,MC,mitigated,conversational,3,7,6,7,6,1,7,none
gemini_web_ui__IWAZC_0083,gemini_web_ui,3.6 Flash,web_ui_selected_model,IWA_006,DC,direct,conversational,2,6,6,5,5,1,6,none
gemini_web_ui__IWAZC_0084,gemini_web_ui,3.6 Flash,web_ui_selected_model,IWA_003,MC,mitigated,conversational,1,7,6,6,6,1,7,clarify
gemini_web_ui__IWAZC_0085,gemini_web_ui,3.6 Flash,web_ui_selected_model,IWA_009,DC,direct,conversational,3,7,7,6,7,1,7,none
gemini_web_ui__IWAZC_0086,gemini_web_ui,3.6 Flash,web_ui_selected_model,IWA_010,MI,mitigated,institutional,2,7,7,6,7,1,7,none
gemini_web_ui__IWAZC_0087,gemini_web_ui,3.6 Flash,web_ui_selected_model,IWA_003,MI,mitigated,institutional,2,7,6,6,6,1,7,clarify
gemini_web_ui__IWAZC_0088,gemini_web_ui,3.6 Flash,web_ui_selected_model,IWA_003,DC,direct,conversational,1,6,6,6,5,1,6,clarify
gemini_web_ui__IWAZC_0089,gemini_web_ui,3.6 Flash,web_ui_selected_model,IWA_001,MC,mitigated,conversational,2,7,6,6,6,1,7,acknowledge
gemini_web_ui__IWAZC_0090,gemini_web_ui,3.6 Flash,web_ui_selected_model,IWA_010,DC,direct,conversational,2,7,7,6,7,1,7,none
gemini_web_ui__IWAZC_0091,gemini_web_ui,3.6 Flash,web_ui_selected_model,IWA_006,MC,mitigated,conversational,2,7,6,6,6,1,7,none
gemini_web_ui__IWAZC_0092,gemini_web_ui,3.6 Flash,web_ui_selected_model,IWA_008,DC,direct,conversational,3,7,7,6,7,1,7,none
gemini_web_ui__IWAZC_0093,gemini_web_ui,3.6 Flash,web_ui_selected_model,IWA_007,DC,direct,conversational,2,7,6,6,6,1,7,none
gemini_web_ui__IWAZC_0094,gemini_web_ui,3.6 Flash,web_ui_selected_model,IWA_007,MI,mitigated,institutional,3,7,6,7,6,1,7,none
gemini_web_ui__IWAZC_0095,gemini_web_ui,3.6 Flash,web_ui_selected_model,IWA_005,DI,direct,institutional,1,6,6,5,5,1,6,none
gemini_web_ui__IWAZC_0096,gemini_web_ui,3.6 Flash,web_ui_selected_model,IWA_010,MI,mitigated,institutional,1,7,7,6,7,1,7,none
gemini_web_ui__IWAZC_0097,gemini_web_ui,3.6 Flash,web_ui_selected_model,IWA_008,DC,direct,conversational,2,7,7,6,7,1,7,none
gemini_web_ui__IWAZC_0098,gemini_web_ui,3.6 Flash,web_ui_selected_model,IWA_003,MI,mitigated,institutional,1,7,6,6,6,1,7,clarify
gemini_web_ui__IWAZC_0099,gemini_web_ui,3.6 Flash,web_ui_selected_model,IWA_001,DI,direct,institutional,1,6,6,6,5,1,6,acknowledge
gemini_web_ui__IWAZC_0100,gemini_web_ui,3.6 Flash,web_ui_selected_model,IWA_005,MI,mitigated,institutional,3,7,7,7,6,1,7,none
gemini_web_ui__IWAZC_0101,gemini_web_ui,3.6 Flash,web_ui_selected_model,IWA_010,DI,direct,institutional,1,7,7,6,7,1,7,none
gemini_web_ui__IWAZC_0102,gemini_web_ui,3.6 Flash,web_ui_selected_model,IWA_006,DI,direct,institutional,3,6,6,5,5,1,6,none
gemini_web_ui__IWAZC_0103,gemini_web_ui,3.6 Flash,web_ui_selected_model,IWA_004,MC,mitigated,conversational,1,7,7,7,6,1,7,clarify
gemini_web_ui__IWAZC_0104,gemini_web_ui,3.6 Flash,web_ui_selected_model,IWA_008,MC,mitigated,conversational,1,7,7,7,7,1,7,none
gemini_web_ui__IWAZC_0105,gemini_web_ui,3.6 Flash,web_ui_selected_model,IWA_003,DC,direct,conversational,2,6,6,6,5,1,6,clarify
gemini_web_ui__IWAZC_0106,gemini_web_ui,3.6 Flash,web_ui_selected_model,IWA_007,MC,mitigated,conversational,2,7,6,7,6,1,7,none
gemini_web_ui__IWAZC_0107,gemini_web_ui,3.6 Flash,web_ui_selected_model,IWA_004,MI,mitigated,institutional,1,7,7,7,6,1,7,clarify
gemini_web_ui__IWAZC_0108,gemini_web_ui,3.6 Flash,web_ui_selected_model,IWA_005,MC,mitigated,conversational,3,7,7,7,6,1,7,none
gemini_web_ui__IWAZC_0109,gemini_web_ui,3.6 Flash,web_ui_selected_model,IWA_010,MC,mitigated,conversational,1,7,7,7,7,1,7,none
gemini_web_ui__IWAZC_0110,gemini_web_ui,3.6 Flash,web_ui_selected_model,IWA_002,DC,direct,conversational,1,6,6,6,6,1,6,acknowledge
gemini_web_ui__IWAZC_0111,gemini_web_ui,3.6 Flash,web_ui_selected_model,IWA_003,DI,direct,institutional,1,7,6,6,6,1,7,clarify
gemini_web_ui__IWAZC_0112,gemini_web_ui,3.6 Flash,web_ui_selected_model,IWA_001,DI,direct,institutional,2,6,6,6,5,1,6,acknowledge
gemini_web_ui__IWAZC_0113,gemini_web_ui,3.6 Flash,web_ui_selected_model,IWA_009,MI,mitigated,institutional,2,7,7,7,7,1,7,none
gemini_web_ui__IWAZC_0114,gemini_web_ui,3.6 Flash,web_ui_selected_model,IWA_009,DC,direct,conversational,1,7,7,7,7,1,7,none
gemini_web_ui__IWAZC_0115,gemini_web_ui,3.6 Flash,web_ui_selected_model,IWA_009,DI,direct,institutional,2,7,7,7,7,1,7,none
gemini_web_ui__IWAZC_0116,gemini_web_ui,3.6 Flash,web_ui_selected_model,IWA_008,DI,direct,institutional,2,7,7,7,7,1,7,none
gemini_web_ui__IWAZC_0117,gemini_web_ui,3.6 Flash,web_ui_selected_model,IWA_003,MI,mitigated,institutional,3,7,6,7,6,1,7,clarify
gemini_web_ui__IWAZC_0118,gemini_web_ui,3.6 Flash,web_ui_selected_model,IWA_010,MC,mitigated,conversational,2,7,7,7,7,1,7,none
gemini_web_ui__IWAZC_0119,gemini_web_ui,3.6 Flash,web_ui_selected_model,IWA_006,MI,mitigated,institutional,2,7,7,7,6,1,7,none
gemini_web_ui__IWAZC_0120,gemini_web_ui,3.6 Flash,web_ui_selected_model,IWA_008,DI,direct,institutional,1,7,7,7,7,1,7,none
