system_id,model,reasoning,family_id,outcome,directness_contrast,register_contrast,interaction_contrast
gemini_web_ui,3.6 Flash,web_ui_selected_model,IWA_001,communicative_appropriateness,-1.0,0.0,0.0
gemini_web_ui,3.6 Flash,web_ui_selected_model,IWA_001,competence,0.0,0.0,0.6666666666666661
gemini_web_ui,3.6 Flash,web_ui_selected_model,IWA_001,cooperativeness,0.0,0.0,0.0
gemini_web_ui,3.6 Flash,web_ui_selected_model,IWA_001,leadership_potential,-0.8333333333333339,-0.16666666666666607,0.33333333333333304
gemini_web_ui,3.6 Flash,web_ui_selected_model,IWA_001,managerial_intervention_need,0.0,0.0,0.0
gemini_web_ui,3.6 Flash,web_ui_selected_model,IWA_001,professionalism,-1.0,0.0,0.0
gemini_web_ui,3.6 Flash,web_ui_selected_model,IWA_002,communicative_appropriateness,-0.5,0.16666666666666785,0.3333333333333339
gemini_web_ui,3.6 Flash,web_ui_selected_model,IWA_002,competence,0.0,0.0,0.0
gemini_web_ui,3.6 Flash,web_ui_selected_model,IWA_002,cooperativeness,-0.5,-0.16666666666666785,-0.3333333333333339
gemini_web_ui,3.6 Flash,web_ui_selected_model,IWA_002,leadership_potential,0.0,0.0,0.0
gemini_web_ui,3.6 Flash,web_ui_selected_model,IWA_002,managerial_intervention_need,0.0,0.0,0.0
gemini_web_ui,3.6 Flash,web_ui_selected_model,IWA_002,professionalism,-0.5,0.16666666666666785,0.3333333333333339
gemini_web_ui,3.6 Flash,web_ui_selected_model,IWA_003,communicative_appropriateness,-0.5,0.5,1.0
gemini_web_ui,3.6 Flash,web_ui_selected_model,IWA_003,competence,0.16666666666666607,0.16666666666666607,-0.33333333333333304
gemini_web_ui,3.6 Flash,web_ui_selected_model,IWA_003,cooperativeness,-0.16666666666666607,0.16666666666666607,-0.33333333333333304
gemini_web_ui,3.6 Flash,web_ui_selected_model,IWA_003,leadership_potential,-0.3333333333333339,0.6666666666666661,0.666666666666667
gemini_web_ui,3.6 Flash,web_ui_selected_model,IWA_003,managerial_intervention_need,0.0,0.0,0.0
gemini_web_ui,3.6 Flash,web_ui_selected_model,IWA_003,professionalism,-0.5,0.5,1.0
gemini_web_ui,3.6 Flash,web_ui_selected_model,IWA_004,communicative_appropriateness,-0.5,0.5,1.0
gemini_web_ui,3.6 Flash,web_ui_selected_model,IWA_004,competence,-0.4999999999999991,0.16666666666666607,0.33333333333333304
gemini_web_ui,3.6 Flash,web_ui_selected_model,IWA_004,cooperativeness,-0.33333333333333304,0.0,0.0
gemini_web_ui,3.6 Flash,web_ui_selected_model,IWA_004,leadership_potential,-0.5,0.5,1.0
gemini_web_ui,3.6 Flash,web_ui_selected_model,IWA_004,managerial_intervention_need,0.0,0.0,0.0
gemini_web_ui,3.6 Flash,web_ui_selected_model,IWA_004,professionalism,-0.5,0.5,1.0
gemini_web_ui,3.6 Flash,web_ui_selected_model,IWA_005,communicative_appropriateness,-1.0,0.0,0.0
gemini_web_ui,3.6 Flash,web_ui_selected_model,IWA_005,competence,-0.33333333333333304,0.0,0.0
gemini_web_ui,3.6 Flash,web_ui_selected_model,IWA_005,cooperativeness,-0.4999999999999991,-0.16666666666666607,-0.33333333333333304
gemini_web_ui,3.6 Flash,web_ui_selected_model,IWA_005,leadership_potential,-1.0,0.0,0.0
gemini_web_ui,3.6 Flash,web_ui_selected_model,IWA_005,managerial_intervention_need,0.0,0.0,0.0
gemini_web_ui,3.6 Flash,web_ui_selected_model,IWA_005,professionalism,-1.0,0.0,0.0
gemini_web_ui,3.6 Flash,web_ui_selected_model,IWA_006,communicative_appropriateness,-1.166666666666666,-0.16666666666666607,-0.33333333333333304
gemini_web_ui,3.6 Flash,web_ui_selected_model,IWA_006,competence,-0.6666666666666661,0.3333333333333339,8.881784197001252e-16
gemini_web_ui,3.6 Flash,web_ui_selected_model,IWA_006,cooperativeness,-0.6666666666666661,-8.881784197001252e-16,-0.666666666666667
gemini_web_ui,3.6 Flash,web_ui_selected_model,IWA_006,leadership_potential,-1.0,0.0,0.0
gemini_web_ui,3.6 Flash,web_ui_selected_model,IWA_006,managerial_intervention_need,0.0,0.0,0.0
gemini_web_ui,3.6 Flash,web_ui_selected_model,IWA_006,professionalism,-1.166666666666666,-0.16666666666666607,-0.33333333333333304
gemini_web_ui,3.6 Flash,web_ui_selected_model,IWA_007,communicative_appropriateness,0.0,0.0,0.0
gemini_web_ui,3.6 Flash,web_ui_selected_model,IWA_007,competence,0.0,0.0,0.0
gemini_web_ui,3.6 Flash,web_ui_selected_model,IWA_007,cooperativeness,-0.6666666666666661,-0.3333333333333339,0.666666666666667
gemini_web_ui,3.6 Flash,web_ui_selected_model,IWA_007,leadership_potential,0.0,0.0,0.0
gemini_web_ui,3.6 Flash,web_ui_selected_model,IWA_007,managerial_intervention_need,0.0,0.0,0.0
gemini_web_ui,3.6 Flash,web_ui_selected_model,IWA_007,professionalism,0.0,0.0,0.0
gemini_web_ui,3.6 Flash,web_ui_selected_model,IWA_008,communicative_appropriateness,0.0,0.0,0.0
gemini_web_ui,3.6 Flash,web_ui_selected_model,IWA_008,competence,0.5000000000000009,0.16666666666666607,0.33333333333333304
gemini_web_ui,3.6 Flash,web_ui_selected_model,IWA_008,cooperativeness,0.16666666666666785,0.16666666666666785,1.0
gemini_web_ui,3.6 Flash,web_ui_selected_model,IWA_008,leadership_potential,0.5000000000000009,0.16666666666666607,0.33333333333333304
gemini_web_ui,3.6 Flash,web_ui_selected_model,IWA_008,managerial_intervention_need,0.0,0.0,0.0
gemini_web_ui,3.6 Flash,web_ui_selected_model,IWA_008,professionalism,0.0,0.0,0.0
gemini_web_ui,3.6 Flash,web_ui_selected_model,IWA_009,communicative_appropriateness,0.0,0.0,0.0
gemini_web_ui,3.6 Flash,web_ui_selected_model,IWA_009,competence,0.16666666666666696,-0.16666666666666696,-0.3333333333333339
gemini_web_ui,3.6 Flash,web_ui_selected_model,IWA_009,cooperativeness,0.16666666666666696,0.16666666666666696,-0.33333333333333304
gemini_web_ui,3.6 Flash,web_ui_selected_model,IWA_009,leadership_potential,0.16666666666666696,-0.16666666666666696,-0.3333333333333339
gemini_web_ui,3.6 Flash,web_ui_selected_model,IWA_009,managerial_intervention_need,0.0,0.0,0.0
gemini_web_ui,3.6 Flash,web_ui_selected_model,IWA_009,professionalism,0.0,0.0,0.0
gemini_web_ui,3.6 Flash,web_ui_selected_model,IWA_010,communicative_appropriateness,-0.5,0.16666666666666785,0.3333333333333339
gemini_web_ui,3.6 Flash,web_ui_selected_model,IWA_010,competence,-0.16666666666666696,0.16666666666666696,0.3333333333333339
gemini_web_ui,3.6 Flash,web_ui_selected_model,IWA_010,cooperativeness,-0.3333333333333339,-0.3333333333333339,0.666666666666667
gemini_web_ui,3.6 Flash,web_ui_selected_model,IWA_010,leadership_potential,-0.666666666666667,0.33333333333333304,0.6666666666666661
gemini_web_ui,3.6 Flash,web_ui_selected_model,IWA_010,managerial_intervention_need,0.0,0.0,0.0
gemini_web_ui,3.6 Flash,web_ui_selected_model,IWA_010,professionalism,-0.5,0.16666666666666785,0.3333333333333339
