family_id,domain,role_relation,condition,directness,register,word_count,numbers,temporal_tokens,high_risk_markers,automatic_family_flags,message,manual_semantic_equivalence,manual_factual_invariance,manual_pragmatic_manipulation_clear,manual_confounds_absent,manual_notes
IWA_001,feedback_request,upward,DC,direct,conversational,19,,friday; thursday,{},,Please send me your comments on the quarterly report draft by Thursday so I can finalize it on Friday.,,,,,
IWA_001,feedback_request,upward,DI,direct,institutional,19,,friday; thursday,{},,Please provide your comments on the quarterly report draft by Thursday to enable finalization of the report on Friday.,,,,,
IWA_001,feedback_request,upward,MC,mitigated,conversational,21,,friday; thursday,{},,Could you please send me your comments on the quarterly report draft by Thursday so I can finalize it on Friday?,,,,,
IWA_001,feedback_request,upward,MI,mitigated,institutional,21,,friday; thursday,{},,Could you please provide your comments on the quarterly report draft by Thursday to enable finalization of the report on Friday?,,,,,
IWA_002,decision_disagreement,upward,DC,direct,conversational,23,,,{},,I disagree with the proposed onboarding change because it adds an approval step we do not need. I recommend keeping the current sequence.,,,,,
IWA_002,decision_disagreement,upward,DI,direct,institutional,21,,,{},,I disagree with the proposed onboarding change because it introduces an unnecessary approval stage. I recommend retaining the current approval sequence.,,,,,
IWA_002,decision_disagreement,upward,MC,mitigated,conversational,31,,,{},,I wanted to raise that I disagree with the proposed onboarding change because it adds an approval step we do not need. Could we reconsider it and keep the current sequence?,,,,,
IWA_002,decision_disagreement,upward,MI,mitigated,institutional,29,,,{},,I wanted to raise that I disagree with the proposed onboarding change because it introduces an unnecessary approval stage. Could we reconsider it and retain the current approval sequence?,,,,,
IWA_003,deadline_clarification,upward,DC,direct,conversational,32,,,{},,"The note says the draft is due next week, but it does not give a day. Please tell me the exact day it is due so I can schedule the remaining work.",,,,,
IWA_003,deadline_clarification,upward,DI,direct,institutional,30,,,{},,The project note states that the draft is due next week but does not specify a date. Please confirm the exact due date so I can schedule the remaining work.,,,,,
IWA_003,deadline_clarification,upward,MC,mitigated,conversational,35,,,{},,"The note says the draft is due next week, but it does not give a day. Could you please let me know the exact day it is due so I can schedule the remaining work?",,,,,
IWA_003,deadline_clarification,upward,MI,mitigated,institutional,32,,,{},,The project note states that the draft is due next week but does not specify a date. Could you please confirm the exact due date so I can schedule the remaining work?,,,,,
IWA_004,workload_concern,upward,DC,direct,conversational,27,,friday,{},,"I already have two deliverables due Friday, and this adds a third. I cannot complete all three by Friday. Please tell me which task I should prioritize.",,,,,
IWA_004,workload_concern,upward,DI,direct,institutional,30,,friday,{},,"I currently have two deliverables due Friday, and this assignment creates a third concurrent deadline. Completing all three by Friday is not feasible. Please confirm which assignment should receive priority.",,,,,
IWA_004,workload_concern,upward,MC,mitigated,conversational,35,,friday,{},,"I wanted to flag that I already have two deliverables due Friday, and this adds a third. I cannot complete all three by Friday. Could you please let me know which task I should prioritize?",,,,,
IWA_004,workload_concern,upward,MI,mitigated,institutional,37,,friday,{},,"I wanted to flag that I currently have two deliverables due Friday, and this assignment creates a third concurrent deadline. Completing all three by Friday is not feasible. Could you please confirm which assignment should receive priority?",,,,,
IWA_005,error_identification,peer,DC,direct,conversational,17,,,{},,This formula counts the same expense category twice. Please correct it before we submit the budget table.,,,,,
IWA_005,error_identification,peer,DI,direct,institutional,18,,,{},,This formula counts the same expense category twice. Please correct the formula before submission of the budget table.,,,,,
IWA_005,error_identification,peer,MC,mitigated,conversational,24,,,{},,I wanted to flag that this formula counts the same expense category twice. Could you please correct it before we submit the budget table?,,,,,
IWA_005,error_identification,peer,MI,mitigated,institutional,25,,,{},,I wanted to flag that this formula counts the same expense category twice. Could you please correct the formula before submission of the budget table?,,,,,
IWA_006,overdue_contribution,peer,DC,direct,conversational,24,,today; tuesday,{},,You have not sent the risk summary that was due Tuesday. Please send it today so I can include it in our project update.,,,,,
IWA_006,overdue_contribution,peer,DI,direct,institutional,22,,today; tuesday,{},,You have not provided the risk summary that was due Tuesday. Please provide it today for inclusion in the joint project update.,,,,,
IWA_006,overdue_contribution,peer,MC,mitigated,conversational,31,,today; tuesday,{},,I wanted to flag that you have not sent the risk summary that was due Tuesday. Could you please send it today so I can include it in our project update?,,,,,
IWA_006,overdue_contribution,peer,MI,mitigated,institutional,29,,today; tuesday,{},,I wanted to note that you have not provided the risk summary that was due Tuesday. Could you please provide it today for inclusion in the joint project update?,,,,,
IWA_007,process_change,peer,DC,direct,conversational,23,,,{},,We are keeping two copies of the task tracker and then reconciling them manually. I think we should use one shared tracker instead.,,,,,
IWA_007,process_change,peer,DI,direct,institutional,21,,,{},,We currently maintain two versions of the task tracker and reconcile them manually. I recommend moving to a single shared tracker.,,,,,
IWA_007,process_change,peer,MC,mitigated,conversational,22,,,{},,We are keeping two copies of the task tracker and then reconciling them manually. Could we consider using one shared tracker instead?,,,,,
IWA_007,process_change,peer,MI,mitigated,institutional,22,,,{},,We currently maintain two versions of the task tracker and reconcile them manually. Could we consider moving to a single shared tracker?,,,,,
IWA_008,revision_request,downward,DC,direct,conversational,20,,tomorrow,"{""authority"": [""required""]}",,The draft is missing the required comparison of the three vendors. Please add it before we circulate the document tomorrow.,,,,,
IWA_008,revision_request,downward,DI,direct,institutional,22,,tomorrow,"{""authority"": [""required""]}",,The draft does not include the required comparison of the three vendors. Please add this section before circulation of the document tomorrow.,,,,,
IWA_008,revision_request,downward,MC,mitigated,conversational,27,,tomorrow,"{""authority"": [""required""]}",,I wanted to flag that the draft is missing the required comparison of the three vendors. Could you please add it before we circulate the document tomorrow?,,,,,
IWA_008,revision_request,downward,MI,mitigated,institutional,29,,tomorrow,"{""authority"": [""required""]}",,I wanted to flag that the draft does not include the required comparison of the three vendors. Could you please add this section before circulation of the document tomorrow?,,,,,
IWA_009,priority_clarification,downward,DC,direct,conversational,17,,friday,"{""evidence"": [""data""]}",,Both tasks are due Friday. Please prioritize the client briefing and complete the data-cleaning task afterward.,,,,,
IWA_009,priority_clarification,downward,DI,direct,institutional,21,,friday,"{""evidence"": [""data""]}",,Both assignments are scheduled for Friday. Please give priority to the client briefing and complete the internal data-cleaning task afterward.,,,,,
IWA_009,priority_clarification,downward,MC,mitigated,conversational,19,,friday,"{""evidence"": [""data""]}",,Both tasks are due Friday. Could you please prioritize the client briefing and complete the data-cleaning task afterward?,,,,,
IWA_009,priority_clarification,downward,MI,mitigated,institutional,23,,friday,"{""evidence"": [""data""]}",,Both assignments are scheduled for Friday. Could you please give priority to the client briefing and complete the internal data-cleaning task afterward?,,,,,
IWA_010,evidence_request,downward,DC,direct,conversational,32,20,,"{""evidence"": [""calculation"", ""evidence""]}",,"The draft says the change will cut processing time by 20 percent, but it does not show how that figure was calculated. Please provide the evidence or calculation before we review the proposal.",,,,,
IWA_010,evidence_request,downward,DI,direct,institutional,33,20,,"{""evidence"": [""calculation"", ""evidence""]}",,The draft states that the change will reduce processing time by 20 percent but does not document the basis for that estimate. Please provide the supporting evidence or calculation before review of the proposal.,,,,,
IWA_010,evidence_request,downward,MC,mitigated,conversational,39,20,,"{""evidence"": [""calculation"", ""evidence""]}",,"I wanted to flag that the draft says the change will cut processing time by 20 percent, but it does not show how that figure was calculated. Could you please provide the evidence or calculation before we review the proposal?",,,,,
IWA_010,evidence_request,downward,MI,mitigated,institutional,41,20,,"{""evidence"": [""calculation"", ""evidence""]}",,"I wanted to flag that the draft states that the change will reduce processing time by 20 percent, but it does not show the basis for that estimate. Could you please provide the supporting evidence or calculation before review of the proposal?",,,,,
